create or replace procedure LoadSampleData ()
language plpgsql
as $$
	begin
		insert into genre (name)
		values
		('Мелодрама'),
		('Триллер'),
		('Чёрная комедия'),
		('Ужасы'),
		('Боевик');

		insert into country_produced (name)
		values
		('Россия'),
		('Беларусь');

		insert into actors (surname, name, patronymic)
		values
		('Иванов', 'Иван', 'Васильевич'),
		('Олегова', 'Елена', 'Александровна'),
		('Павлова', 'Катерина', 'Анатольевна'),
		('Алексеев', 'Егор', 'Олегович'),
		('Иванова', 'Евдакия', 'Михайловна'),
		('Александрова', 'Ольга', 'Борисовна');

		insert into directors (surname, name, patronymic)
		values
		('Андреев', 'Олег', 'Русланович'),
		('Дмитриев', 'Тимофей', 'Павлович'),
		('Иванов', 'Роман', 'Александрович'),
		('Никитин', 'Евгений', 'Васильевич');

		insert into composers (surname, name, patronymic)
		values
		('Романова', 'Ольга', 'Дмитриевна'),
		('Петров', 'Александр', 'Владимирович'),
		('Павлов', 'Павел', 'Константинович');

		insert into movies (name, age_restriction, description, release_date)
		values
		('50 дней без сна и отдыха', '18+', 'Главные герои проходят через страдания и муки, перед походом к дантисту', '2023-09-20'),
		('Один глаз краше другого', '16+', 'Комедия с элементами хорорра о двух подружках, которые встретились в лесопарковой зоне', '2023-08-10'),
		('Полнолуние', '16+', 'Главный герой борется с внутренним демоном, чтобы не есть по ночам', '2023-09-03');

		insert into movies_composers (movie_id, composer_id)
		values (1, 1), (2, 2), (3, 3);

		insert into movies_directors (movie_id, director_id)
		values (1, 1), (2, 2), (2, 3), (3, 4);

		insert into movies_actors (movie_id, actor_id)
		values (1, 1), (1, 2), (2, 3), (2, 4), (3, 5), (3, 6);

		insert into movies_countries (movie_id, country_produced_id)
		values (1, 1), (2, 1), (2, 2), (3, 1);

		insert into movies_genres (movie_id, genre_id)
		values (1, 1), (1, 2), (2, 3), (3, 4), (3, 5);

		insert into halls (hall_number, hall_type)
		values (1, '2D'), (2, '3D'), (3, '3D'), (4, '2D');

		insert into sessions (hall_id, session_datetime, movie_id)
		values 
		(1, '2023-09-21 12:00:00', 1),
		(2, '2023-09-21 13:00:00', 1),
		(2, '2023-09-21 16:00:00', 1),
		(2, '2023-09-21 17:00:00', 1),
		(3, '2023-09-21 10:30:00', 2),
		(3, '2023-09-21 12:00:00', 2),
		(3, '2023-09-21 14:30:00', 2),
		(4, '2023-09-21 15:00:00', 3);

		insert into seats (hall_id, row, seat)
		values 
		(1, 1, 1), (1, 1, 2), (1, 1, 3), (1, 1, 4), (1, 1, 5), (1, 1, 6), (1, 1, 7), (1, 1, 8), (1, 1, 9), (1, 1, 10),
		(1, 2, 1), (1, 2, 2), (1, 2, 3), (1, 2, 4), (1, 2, 5), (1, 2, 6), (1, 2, 7), (1, 2, 8), (1, 2, 9), (1, 2, 10),
		(2, 1, 1), (2, 1, 2), (2, 1, 3), (2, 1, 4), (2, 1, 5), (2, 1, 6), (2, 1, 7),
		(2, 2, 1), (2, 2, 2), (2, 2, 3), (2, 2, 4), (2, 2, 5), (2, 2, 6), (2, 2, 7),
		(3, 1, 1), (3, 1, 2), (3, 1, 3), (3, 1, 4), (3, 1, 5), (3, 1, 6), (3, 1, 7),
		(3, 2, 1), (3, 2, 2), (3, 2, 3), (3, 2, 4), (3, 2, 5), (3, 2, 6), (3, 2, 7),
		(4, 1, 1), (4, 1, 2), (4, 1, 3), (4, 1, 4), (4, 1, 5), (4, 1, 6), (4, 1, 7),
		(4, 2, 1), (4, 2, 2), (4, 2, 3), (4, 2, 4), (4, 2, 5), (4, 2, 6), (4, 2, 7);

		insert into account_credentials (login, name, surname, patronymic, password)
		values
		('emp_PavlovPP', 'Павел', 'Павлов', 'Павлович', 'PaSSw0rd'),
		('emp_EgorovEE', 'Егор', 'Егоров', 'Егорович', 'PaSSw0rd'),
		('emp_DmitrievDD', 'Дмитрий', 'Дмитриев', 'Дмитриевич', 'PaSSw0rd'),
		('Ivanov_I_I', 'Иван', 'Иванов', 'Дмитриевич', 'PaSSw0rd'),
		('Petrov_P_P', 'Петр', 'Петров', 'Петрович', 'PaSSw0rd'),
		('Andreev_A_A', 'Андреев', 'Андрей', 'Андреевич', 'PaSSw0rd'),
		('Romanov_R_R', 'Роман', 'Романов', 'Романович', 'PaSSw0rd');

		insert into employees (account_credentials_id, position)
		values (1, 'Главный по сеансам'), (2, 'Кассир'), (3, 'Главный кассир');

		insert into clients (account_credentials_id, card_number, card_expiration)
		values
		(4, '4112678821211962', '2025-02-01'),
		(5, '8562677318578843', '2024-06-01'),
		(6, '5622788411468481', '2026-10-01'),
		(7, '5457227821237332', '2025-02-01');

		insert into booking (booking_number, employee_id, client_id, booking_datetime, seat_id, session_id, price)
		values
		('00000001/23', 2, 1, '2023-09-15 11:20:26', 2, 1, 350),
		('00000002/23', 2, 2, '2023-09-15 09:20:47', 1, 1, 350),
		('00000003/23', 3, 1, '2023-09-17 19:29:30', 3, 5, 350),
		('00000004/23', 3, 3, '2023-09-18 09:57:08', 32, 5, 350),
		('00000005/23', 3, 4, '2023-09-19 12:11:45', 22, 2, 550),
		('00000006/23', 2, 3, '2023-09-19 13:00:47', 10, 8, 350);

		insert into tickets (ticket_number, booking_id)
		values
		('2300000001', 2),
		('2300000002', 3),
		('2300000003', 6);
	end;
$$;

call LoadSampleData();